state_name,month_of_crash,0
Texas,10,319
Texas,7,314
California,12,295
Florida,12,293
Texas,12,290
California,10,288
Texas,5,284
California,3,271
California,4,270
California,7,267
Texas,11,265
Texas,6,264
California,8,264
California,11,263
Texas,3,262
Texas,9,256
California,6,254
Texas,1,247
California,9,247
California,2,245
Florida,11,243
Florida,10,241
California,5,239
Texas,8,239
Florida,1,235
Texas,4,235
Florida,5,232
Florida,6,220
California,1,220
Florida,8,219
Florida,3,215
Texas,2,215
Florida,7,214
Florida,4,210
Florida,9,208
Florida,2,169
Georgia,10,137
North Carolina,5,132
Ohio,8,132
Georgia,9,129
Georgia,12,128
North Carolina,9,126
North Carolina,7,122
New York,5,121
Georgia,3,115
Georgia,6,115
North Carolina,11,114
New York,8,113
North Carolina,12,113
Georgia,4,112
Pennsylvania,7,112
Pennsylvania,5,111
Michigan,7,111
South Carolina,10,110
North Carolina,6,109
New York,10,108
Michigan,8,107
New York,7,107
Pennsylvania,8,107
North Carolina,8,106
Pennsylvania,11,106
North Carolina,4,105
Pennsylvania,9,103
Georgia,5,103
Georgia,1,102
Ohio,5,102
Tennessee,12,102
Georgia,11,101
Pennsylvania,10,101
North Carolina,10,100
Ohio,10,100
New York,12,98
Tennessee,8,98
Georgia,2,96
Georgia,8,96
Ohio,7,95
Georgia,7,95
New York,1,94
Michigan,6,94
Ohio,9,93
North Carolina,1,93
New York,9,93
Illinois,6,92
New York,11,92
Illinois,8,92
Ohio,6,91
Illinois,12,89
Pennsylvania,6,89
Illinois,7,89
Pennsylvania,12,87
Illinois,5,86
Indiana,10,85
Ohio,12,85
South Carolina,7,83
Alabama,10,83
Illinois,10,83
Missouri,10,82
Michigan,11,81
Missouri,8,81
North Carolina,3,81
Tennessee,10,81
Illinois,9,81
Michigan,10,81
Ohio,1,80
Tennessee,5,80
Tennessee,9,80
Arizona,3,80
South Carolina,8,79
Kentucky,10,79
Missouri,11,79
Missouri,6,78
Virginia,9,78
South Carolina,4,78
Arizona,5,77
Pennsylvania,1,77
Michigan,9,77
South Carolina,3,76
Illinois,4,76
Alabama,8,75
New York,6,75
Indiana,9,75
South Carolina,6,75
Arizona,6,75
Ohio,11,75
Indiana,6,75
Pennsylvania,4,74
Kentucky,8,74
North Carolina,2,74
Tennessee,6,73
South Carolina,11,73
Michigan,5,73
Alabama,7,73
Alabama,5,72
Arizona,10,72
Alabama,9,72
Missouri,7,72
Louisiana,7,72
Michigan,12,72
Alabama,12,71
Colorado,9,71
Arizona,11,71
South Carolina,5,71
Missouri,4,71
Virginia,5,71
Indiana,5,71
Kentucky,1,70
Illinois,11,70
Indiana,8,70
New York,4,70
South Carolina,12,70
Alabama,4,69
Tennessee,7,69
South Carolina,1,69
Arizona,7,68
Pennsylvania,2,68
Pennsylvania,3,67
Indiana,7,67
South Carolina,9,67
Ohio,2,66
Kentucky,7,66
Virginia,12,66
Louisiana,8,66
Louisiana,10,66
Mississippi,10,65
Oklahoma,6,65
Arizona,1,65
Washington,9,65
Arizona,8,65
Tennessee,3,65
Tennessee,11,65
Missouri,9,64
Wisconsin,9,63
Illinois,3,63
Virginia,11,63
Arizona,2,63
Virginia,8,63
Oklahoma,7,63
Tennessee,1,63
Tennessee,4,63
Louisiana,9,63
Alabama,11,62
Mississippi,8,62
Louisiana,5,62
Alabama,6,61
Kentucky,5,61
Michigan,1,61
Kentucky,12,60
South Carolina,2,60
Mississippi,7,60
Missouri,1,60
Kentucky,6,60
Virginia,7,60
Missouri,12,60
Ohio,4,60
Arizona,9,59
Alabama,3,59
Missouri,5,59
Virginia,10,59
New Jersey,12,59
Arizona,12,59
Louisiana,3,58
Mississippi,5,58
Louisiana,4,58
Oklahoma,1,58
Wisconsin,8,58
Mississippi,9,57
Kentucky,11,57
Virginia,6,57
Mississippi,2,57
Arizona,4,57
Missouri,3,56
Michigan,4,55
Oklahoma,9,55
Virginia,4,55
Louisiana,12,55
Kentucky,9,55
Louisiana,11,55
Indiana,1,54
Indiana,4,54
Indiana,12,54
Louisiana,1,54
Mississippi,11,54
Washington,8,53
Arkansas,8,53
Indiana,11,53
Wisconsin,5,53
New Jersey,6,53
Oklahoma,8,52
Virginia,2,52
Kentucky,3,52
Arkansas,11,51
Maryland,9,51
New Jersey,9,51
Illinois,1,51
Maryland,12,51
Ohio,3,50
Wisconsin,11,50
Alabama,1,50
Louisiana,2,49
Indiana,3,49
Tennessee,2,49
New Jersey,11,49
Virginia,3,49
Oklahoma,11,49
Colorado,7,48
Oklahoma,12,48
Oklahoma,5,48
Michigan,3,47
Colorado,4,47
New York,3,47
Arkansas,10,47
Maryland,8,47
Maryland,4,47
Washington,6,47
Washington,7,47
Arkansas,6,46
Wisconsin,4,46
Maryland,5,46
Oklahoma,10,46
Colorado,8,45
Colorado,10,45
Indiana,2,45
Wisconsin,10,44
New Jersey,5,44
Maryland,10,44
Oregon,7,44
Mississippi,12,44
Mississippi,4,44
Washington,11,44
New York,2,43
Minnesota,6,43
Colorado,6,43
Oklahoma,3,43
Illinois,2,42
Wisconsin,6,42
New Jersey,10,42
Arkansas,7,42
Colorado,1,42
Massachusetts,7,41
Oregon,12,41
Arkansas,2,41
Iowa,8,41
Missouri,2,41
New Jersey,7,41
Washington,10,41
Mississippi,3,41
Maryland,6,40
Oregon,9,40
Louisiana,6,40
Wisconsin,7,40
New Jersey,8,40
Washington,3,40
Arkansas,9,40
Arkansas,3,40
Virginia,1,39
Washington,12,39
Minnesota,10,39
Maryland,11,39
New Jersey,1,39
Colorado,5,39
Minnesota,5,38
Wisconsin,3,38
Maryland,3,38
Washington,1,38
New Jersey,3,38
Michigan,2,37
Montana,8,37
Oregon,4,37
Oklahoma,4,37
Oregon,11,37
Minnesota,9,37
Alabama,2,37
Kansas,9,37
New Jersey,2,36
Oregon,6,36
Arkansas,5,36
Mississippi,6,35
Colorado,3,35
Nevada,11,34
Wisconsin,12,34
Kansas,11,34
Kansas,10,34
Minnesota,4,34
Oregon,8,34
Minnesota,8,34
Arkansas,12,34
Massachusetts,11,33
Wisconsin,1,33
Oregon,1,33
Washington,5,33
Kentucky,2,33
Oregon,5,33
Colorado,11,32
Colorado,2,32
West Virginia,8,32
Minnesota,12,32
Arkansas,4,32
Massachusetts,5,32
New Mexico,6,31
Nevada,10,31
Massachusetts,6,31
Massachusetts,10,31
Utah,6,31
Montana,7,31
Minnesota,11,30
Kansas,8,30
Kansas,7,30
Nevada,12,30
Maryland,7,30
Minnesota,7,30
Oregon,2,30
Arkansas,1,29
Connecticut,11,29
Iowa,7,29
Massachusetts,8,29
Idaho,7,29
Connecticut,10,29
New Jersey,4,29
Colorado,12,28
Connecticut,5,28
Massachusetts,4,28
Connecticut,8,28
Maryland,1,28
New Mexico,3,28
Minnesota,3,28
Utah,7,27
Nebraska,3,27
Kentucky,4,27
Idaho,6,27
Nevada,9,27
Mississippi,1,27
Utah,8,27
New Mexico,11,27
Nevada,1,27
Utah,5,26
Oklahoma,2,26
Washington,4,26
Washington,2,26
New Mexico,12,26
West Virginia,10,26
New Mexico,9,26
Nevada,6,25
West Virginia,7,25
Iowa,4,25
Iowa,9,25
Kansas,2,24
Massachusetts,12,24
Connecticut,9,24
West Virginia,4,24
Kansas,6,23
Nebraska,11,23
Kansas,12,23
Oregon,10,23
Iowa,10,23
Nevada,7,23
Utah,12,23
Nevada,4,23
Oregon,3,23
Iowa,5,23
Iowa,6,23
Utah,10,23
New Mexico,10,23
Massachusetts,9,23
Kansas,3,23
New Mexico,8,22
Maine,8,22
Iowa,12,22
Utah,3,22
Nebraska,1,22
Kansas,5,22
Wisconsin,2,22
Massachusetts,1,22
South Dakota,8,21
Kansas,4,21
West Virginia,5,21
Kansas,1,21
Nebraska,7,21
Idaho,8,21
New Mexico,7,21
Montana,6,20
Nevada,3,20
Nebraska,9,20
Nebraska,10,20
Montana,10,20
Nevada,2,20
Nevada,8,20
Idaho,9,20
Connecticut,4,19
Iowa,3,19
West Virginia,3,19
Connecticut,6,19
Iowa,11,19
Utah,11,18
Maine,11,18
Wyoming,7,18
New Mexico,5,18
Maryland,2,18
Wyoming,8,18
North Dakota,8,18
Idaho,10,18
Maine,5,18
Montana,9,18
West Virginia,6,18
Massachusetts,3,18
Connecticut,7,18
West Virginia,11,18
West Virginia,1,17
Iowa,1,17
West Virginia,9,17
Maine,7,17
New Mexico,2,17
Nevada,5,17
Nebraska,8,17
Connecticut,2,17
Nebraska,12,16
Delaware,7,16
Delaware,10,16
Minnesota,2,16
Iowa,2,16
Idaho,5,16
Utah,9,16
Montana,5,16
Nebraska,5,16
Utah,4,16
Connecticut,12,16
Connecticut,1,15
Connecticut,3,15
Utah,2,15
South Dakota,7,15
Maine,12,15
Montana,11,15
New Mexico,1,15
Idaho,3,15
Idaho,11,15
Maine,9,15
Nebraska,4,15
New Mexico,4,15
Massachusetts,2,15
New Hampshire,7,15
West Virginia,12,15
Montana,12,14
West Virginia,2,14
New Hampshire,5,14
Minnesota,1,14
Delaware,11,14
Delaware,9,14
New Hampshire,12,14
Utah,1,14
Wyoming,6,13
Wyoming,4,13
Idaho,12,13
Montana,3,13
South Dakota,11,13
Wyoming,5,12
Delaware,8,12
Hawaii,1,12
North Dakota,7,11
Delaware,6,11
Wyoming,11,11
South Dakota,9,11
New Hampshire,9,11
Hawaii,6,11
Nebraska,6,11
North Dakota,5,11
North Dakota,3,10
Wyoming,10,10
Montana,4,10
North Dakota,9,10
Maine,6,10
North Dakota,12,10
Hawaii,9,10
Nebraska,2,10
Alaska,7,10
Delaware,5,10
Maine,10,10
New Hampshire,8,10
Wyoming,1,9
Idaho,2,9
New Hampshire,10,9
Idaho,4,9
North Dakota,6,9
South Dakota,5,9
Delaware,1,9
Vermont,7,9
New Hampshire,11,8
Wyoming,9,8
North Dakota,10,8
South Dakota,6,8
South Dakota,3,8
Hawaii,5,8
Delaware,3,8
Maine,1,8
Alaska,5,7
Wyoming,3,7
North Dakota,4,7
South Dakota,12,7
South Dakota,10,7
South Dakota,4,7
South Dakota,1,7
Alaska,4,7
Hawaii,11,7
Delaware,2,7
Delaware,12,7
Vermont,9,7
Alaska,10,6
Hawaii,8,6
Wyoming,12,6
Idaho,1,6
Hawaii,7,6
Hawaii,12,6
North Dakota,11,6
Rhode Island,5,6
North Dakota,1,6
Hawaii,3,6
Alaska,12,5
Montana,1,5
Hawaii,4,5
Vermont,10,5
Hawaii,10,5
Vermont,8,5
Vermont,6,5
North Dakota,2,5
Alaska,6,5
Montana,2,5
Rhode Island,11,5
New Hampshire,6,5
Vermont,12,5
Rhode Island,12,5
New Hampshire,1,5
Alaska,3,4
Wyoming,2,4
Maine,3,4
New Hampshire,4,4
New Hampshire,3,4
New Hampshire,2,4
Maine,2,4
Vermont,11,4
District of Columbia,6,4
Rhode Island,3,4
Vermont,5,4
Alaska,11,4
Alaska,9,4
Alaska,8,4
Rhode Island,8,4
Rhode Island,7,4
District of Columbia,7,4
Rhode Island,1,3
Maine,4,3
Rhode Island,6,3
Vermont,4,3
Vermont,1,3
District of Columbia,10,3
Hawaii,2,3
Rhode Island,9,3
South Dakota,2,3
Delaware,4,3
Rhode Island,10,2
District of Columbia,11,2
District of Columbia,9,2
Alaska,2,2
District of Columbia,12,2
Alaska,1,2
District of Columbia,4,2
Rhode Island,4,2
District of Columbia,1,1
District of Columbia,8,1
District of Columbia,3,1
District of Columbia,2,1
